   n, insertion_cmp, insertion_swaps, insertion_time, merge_cmp, merge_swaps, merge_time
   0,             0,               0,              4,         0,           0,          1
   1,             0,               0,              4,         0,           0,          1
   2,             1,               0,              7,         1,           0,          7
   3,             3,               2,             15,         3,           0,         12
   4,             4,               2,             12,         5,           0,         14
   5,             5,               2,             11,         6,           0,         16
   6,             6,               2,             11,         8,           0,         20
   7,             7,               2,             15,        10,           0,         24
   8,             8,               2,             14,        13,           0,         29
   9,             9,               2,             10,        14,           0,         18
  10,            10,               2,             10,        16,           0,         21
  11,            11,               2,             10,        18,           0,         21
  12,            13,               3,             12,        21,           0,         25
  13,            14,               3,             12,        24,           0,         27
  14,            15,               3,             13,        26,           0,         30
  15,            16,               3,             13,        30,           0,         33
  16,            17,               3,             55,        33,           0,         72
  17,            19,               4,             35,        34,           0,         66
  18,            20,               4,             20,        38,           0,         56
  19,            21,               4,             24,        40,           0,         34
  20,            23,               5,             15,        41,           0,         34
  21,            25,               6,             15,        45,           0,         38
  22,            26,               6,             15,        50,           0,         38
  23,            27,               6,             15,        51,           0,         39
  24,            28,               6,             16,        55,           0,         43
  25,            29,               6,             16,        57,           0,         45
  26,            31,               7,             19,        62,           0,         48
  27,            33,               8,             20,        65,           0,         48
  28,            36,              10,             22,        67,           0,         51
  29,            37,              10,             22,        73,           0,         55
  30,            38,              10,             23,        77,           0,         56
  31,            40,              11,             24,        81,           0,         59
  32,            41,              11,             25,        85,           0,         62
  33,            42,              11,             25,        86,           0,         64
  34,            43,              11,             26,        89,           0,         66
  35,            45,              12,             26,        90,           0,         66
  36,            46,              12,             26,        95,           0,         68
  37,            47,              12,             28,        98,           0,         72
  38,            48,              12,             28,       101,           0,         72
  39,            49,              12,             28,       105,           0,         75
  40,            51,              13,             29,       107,           0,         79
  41,            52,              13,             30,       110,           0,         79
  42,            53,              13,             30,       112,           0,         82
  43,            54,              13,             31,       116,           0,         86
  44,            55,              13,             31,       121,           0,         85
  45,            56,              13,             32,       125,           0,         87
  46,            57,              13,             32,       125,           0,         92
  47,            59,              14,             35,       131,           0,         98
  48,            61,              15,             36,       137,           0,        133
  49,            62,              15,             39,       139,           0,         99
  50,            63,              15,             37,       142,           0,        101
  51,            65,              16,             39,       145,           0,        103
  52,            67,              17,             38,       152,           0,        108
  53,            70,              19,             42,       156,           0,        108
  54,            73,              21,             44,       160,           0,        111
  55,            74,              21,             58,       165,           0,        122
  56,            75,              21,             48,       163,           0,        117
  57,            76,              21,             45,       165,           0,        124
  58,            77,              21,             46,       179,           0,        123
  59,            78,              21,             67,       180,           0,        127
  60,            79,              21,             48,       184,           0,        152
  61,            80,              21,             69,       187,           0,        135
  62,            81,              21,             48,       194,           0,        133
  63,            82,              21,             48,       198,           0,        159
  64,            84,              22,             55,       202,           0,        152
  65,            85,              22,             77,       204,           0,        142
  66,            86,              22,             58,       205,           0,        144
  67,            87,              22,             50,       209,           0,        144
  68,            89,              23,             54,       214,           0,        196
  69,            92,              25,             55,       216,           0,        151
  70,            96,              28,             58,       219,           0,        151
  71,           100,              31,             61,       220,           0,        155
  72,           101,              31,             61,       230,           0,        158
  73,           102,              31,             61,       230,           0,        159
  74,           103,              31,             63,       237,           0,        161
  75,           104,              31,             62,       240,           0,        164
  76,           105,              31,             63,       239,           0,        170
  77,           106,              31,             66,       245,           0,        198
  78,           108,              32,             71,       250,           0,        260
  79,           111,              34,            123,       254,           0,        211
  80,           112,              34,             73,       262,           0,        207
  81,           113,              34,             77,       262,           0,        198
  82,           114,              34,             87,       263,           0,        180
  83,           116,              35,             72,       271,           0,        185
  84,           117,              35,             72,       270,           0,        184
  85,           120,              37,             72,       274,           0,        236
  86,           124,              40,             78,       280,           0,        195
  87,           125,              40,             77,       285,           0,        198
  88,           126,              40,             85,       291,           0,        200
  89,           127,              40,             99,       294,           0,        209
  90,           128,              40,            101,       302,           0,        221
  91,           130,              41,             82,       304,           0,        234
  92,           131,              41,             83,       307,           0,        406
  93,           132,              41,             87,       310,           0,        215
  94,           133,              41,             82,       314,           0,        213
  95,           134,              41,             82,       320,           0,        219
  96,           135,              41,             81,       326,           0,        293
  97,           139,              44,             91,       329,           0,        226
  98,           144,              48,             91,       333,           0,        249
  99,           145,              48,             91,       340,           0,        230
 100,           146,              48,             91,       343,           0,        228
 101,           147,              48,             89,       346,           0,        233
 102,           148,              48,             91,       349,           0,        232
 103,           149,              48,             91,       354,           0,        242
 104,           150,              48,             99,       357,           0,        275
 105,           151,              48,             95,       359,           0,        314
 106,           152,              48,             97,       364,           0,        243
 107,           154,              49,            127,       366,           0,        271
 108,           156,              50,            123,       380,           0,        253
 109,           160,              53,             99,       381,           0,        256
 110,           163,              55,            101,       388,           0,        257
 111,           164,              55,            102,       391,           0,        260
 112,           165,              55,            102,       389,           0,        269
 113,           167,              56,            110,       391,           0,        272
 114,           169,              57,            138,       397,           0,        273
 115,           173,              60,            109,       400,           0,        323
 116,           174,              60,            141,       421,           0,        278
 117,           175,              60,            109,       420,           0,        279
 118,           176,              60,            110,       422,           0,        298
 119,           179,              62,            113,       425,           0,        287
 120,           180,              62,            114,       437,           0,        288
 121,           181,              62,            114,       438,           0,        288
 122,           182,              62,            114,       442,           0,        297
 123,           183,              62,            114,       447,           0,        293
 124,           184,              62,            114,       455,           0,        301
 125,           185,              62,            115,       457,           0,        298
 126,           186,              62,            114,       464,           0,        303
 127,           187,              62,            238,       470,           0,        347
 128,           188,              62,            124,       477,           0,        312
 129,           191,              64,            120,       479,           0,        586
 130,           192,              64,            234,       478,           0,        480
 131,           193,              64,            218,       483,           0,        526
 132,           194,              64,            126,       485,           0,        369
 133,           196,              65,            214,       489,           0,        458
 134,           197,              65,            125,       494,           0,        326
 135,           198,              65,            165,       494,           0,        326
 136,           199,              65,            131,       500,           0,        401
 137,           200,              65,            128,       503,           0,        334
 138,           201,              65,            162,       505,           0,        460
 139,           202,              65,            179,       512,           0,        480
 140,           203,              65,            129,       510,           0,       1009
 141,           204,              65,            147,       514,           0,        579
 142,           205,              65,            134,       517,           0,        458
 143,           208,              67,            138,       523,           0,        680
 144,           209,              67,            241,       535,           0,        649
 145,           210,              67,            283,       536,           0,        361
 146,           212,              68,            134,       535,           0,        652
 147,           213,              68,            140,       539,           0,        475
 148,           214,              68,            138,       547,           0,        363
 149,           215,              68,            133,       552,           0,        523
 150,           217,              69,            275,       554,           0,        812
 151,           219,              70,            385,       555,           0,       2174
 152,           220,              70,            355,       559,           0,        678
 153,           221,              70,            261,       561,           0,        696
 154,           222,              70,            258,       569,           0,        751
 155,           223,              70,            257,       576,           0,        679
 156,           224,              70,            236,       582,           0,        692
 157,           225,              70,            258,       589,           0,        757
 158,           226,              70,            327,       585,           0,        452
 159,           228,              71,            142,       594,           0,        391
 160,           229,              71,            142,       604,           0,        519
 161,           230,              71,            144,       606,           0,        395
 162,           232,              72,            142,       603,           0,        395
 163,           233,              72,            140,       611,           0,        531
 164,           234,              72,            132,       616,           0,        561
 165,           236,              73,            193,       618,           0,        436
 166,           239,              75,            179,       623,           0,        786
 167,           243,              78,            157,       630,           0,        384
 168,           248,              82,            143,       629,           0,        385
 169,           249,              82,            143,       636,           0,        386
 170,           250,              82,            143,       641,           0,        387
 171,           251,              82,            142,       641,           0,        388
 172,           252,              82,            143,       648,           0,        416
 173,           253,              82,            156,       649,           0,        396
 174,           254,              82,            149,       656,           0,        401
 175,           256,              83,            144,       665,           0,        403
 176,           257,              83,            146,       668,           0,        404
 177,           258,              83,            145,       671,           0,        406
 178,           260,              84,            147,       677,           0,        410
 179,           261,              84,            179,       682,           0,        411
 180,           262,              84,            148,       691,           0,        416
 181,           263,              84,            149,       698,           0,        548
 182,           264,              84,            167,       699,           0,        462
 183,           265,              84,            164,       700,           0,        610
 184,           267,              85,           1322,       706,           0,        649
 185,           269,              86,            168,       713,           0,        762
 186,           272,              88,            495,       713,           0,        627
 187,           274,              89,            174,       720,           0,        565
 188,           275,              89,            236,       731,           0,        444
 189,           276,              89,            159,       734,           0,        444
 190,           277,              89,            158,       742,           0,        470
 191,           279,              90,            159,       746,           0,        449
 192,           282,              92,            163,       750,           0,        487
 193,           286,              95,            162,       751,           0,        450
 194,           291,              99,            168,       758,           0,        454
 195,           292,              99,            168,       766,           0,        478
 196,           293,              99,            185,       765,           0,        458
 197,           294,              99,            169,       769,           0,        463
 198,           295,              99,            169,       778,           0,        465
 199,           296,              99,            169,       783,           0,        482
 200,           297,              99,            180,       783,           0,        469
 201,           298,              99,            169,       784,           0,        472
 202,           300,             100,            187,       795,           0,        488
 203,           301,             100,            172,       803,           0,        630
 204,           302,             100,            177,       799,           0,        534
 205,           303,             100,            277,       803,           0,        522
 206,           305,             101,            190,       806,           0,        813
 207,           306,             101,            180,       818,           0,        492
 208,           309,             103,            176,       817,           0,        517
 209,           310,             103,            177,       821,           0,        493
 210,           311,             103,            178,       826,           0,        570
 211,           312,             103,            180,       836,           0,        500
 212,           313,             103,            178,       839,           0,        502
 213,           314,             103,            219,       842,           0,        505
 214,           315,             103,            180,       846,           0,        505
 215,           316,             103,            183,       849,           0,        509
 216,           317,             103,            180,       858,           0,        509
 217,           318,             103,            180,       860,           0,        511
 218,           320,             104,            180,       872,           0,        518
 219,           321,             104,            180,       876,           0,        518
 220,           322,             104,            196,       879,           0,        520
 221,           323,             104,            182,       882,           0,        523
 222,           326,             106,            185,       888,           0,        528
 223,           327,             106,            184,       895,           0,        627
 224,           328,             106,            232,       892,           0,        578
 225,           330,             107,            274,       895,           0,        612
 226,           331,             107,            216,       906,           0,        540
 227,           332,             107,            188,       907,           0,        567
 228,           333,             107,            193,       907,           0,        539
 229,           334,             107,            188,       911,           0,        542
 230,           336,             108,            188,       912,           0,        547
 231,           339,             110,            190,       925,           0,        551
 232,           342,             112,            193,       943,           0,        614
 233,           343,             112,            197,       949,           0,        564
 234,           344,             112,            198,       948,           0,        560
 235,           345,             112,            195,       960,           0,        567
 236,           346,             112,            194,       958,           0,        592
 237,           347,             112,            328,       965,           0,        576
 238,           349,             113,            200,       960,           0,        646
 239,           350,             113,            222,       976,           0,        658
 240,           351,             113,            233,       981,           0,        628
 241,           353,             114,            230,       990,           0,       1169
 242,           356,             116,            371,       992,           0,        606
 243,           357,             116,            266,       993,           0,        590
 244,           358,             116,            203,       999,           0,        590
 245,           359,             116,            200,      1005,           0,        646
 246,           361,             117,            208,      1015,           0,        600
 247,           363,             118,            205,      1018,           0,        598
 248,           365,             119,            206,      1025,           0,        598
 249,           366,             119,            244,      1035,           0,        603
 250,           367,             119,            208,      1033,           0,        607
 251,           369,             120,            209,      1045,           0,        610
 252,           370,             120,            207,      1049,           0,        610
 253,           371,             120,            208,      1061,           0,        616
 254,           373,             121,            209,      1063,           0,        630
 255,           375,             122,            210,      1073,           0,        622
 256,           376,             122,            215,      1076,           0,       1037
 257,           377,             122,            217,      1077,           0,        692
 258,           379,             123,            231,      1088,           0,        850
 259,           380,             123,            340,      1085,           0,        684
 260,           381,             123,            220,      1089,           0,        674
 261,           382,             123,            215,      1088,           0,        634
 262,           383,             123,            250,      1096,           0,        641
 263,           384,             123,            217,      1098,           0,        642
 264,           385,             123,            216,      1097,           0,        670
 265,           386,             123,            222,      1099,           0,        656
 266,           387,             123,            221,      1110,           0,        650
 267,           388,             123,            219,      1113,           0,        653
 268,           389,             123,            219,      1118,           0,        654
 269,           390,             123,            219,      1120,           0,        657
 270,           391,             123,            218,      1116,           0,        690
 271,           393,             124,            221,      1128,           0,       1622
 272,           396,             126,            250,      1133,           0,        888
 273,           398,             127,            272,      1137,           0,        672
 274,           399,             127,            229,      1143,           0,        775
 275,           400,             127,            342,      1146,           0,        782
 276,           402,             128,            257,      1138,           0,        730
 277,           405,             130,            249,      1145,           0,        732
 278,           406,             130,            249,      1162,           0,        740
 279,           407,             130,            279,      1162,           0,        797
 280,           408,             130,            255,      1165,           0,        738
 281,           410,             131,            248,      1165,           0,        740
 282,           411,             131,            249,      1170,           0,        814
 283,           413,             132,            252,      1175,           0,        900
 284,           414,             132,            262,      1182,           0,        755
 285,           415,             132,            479,      1186,           0,       1665
 286,           417,             133,            394,      1192,           0,       1047
 287,           419,             134,            262,      1201,           0,        762
 288,           422,             136,            260,      1204,           0,        761
 289,           426,             139,            261,      1208,           0,        941
 290,           427,             139,            266,      1221,           0,        767
 291,           428,             139,            366,      1216,           0,        777
 292,           429,             139,            267,      1215,           0,        774
 293,           430,             139,            391,      1215,           0,        776
 294,           431,             139,            264,      1231,           0,        785
 295,           432,             139,            264,      1232,           0,       1295
 296,           435,             141,            452,      1237,           0,       2525
 297,           436,             141,            357,      1245,           0,       1135
 298,           437,             141,            351,      1251,           0,       1049
 299,           438,             141,            445,      1259,           0,        912
 300,           439,             141,            316,      1259,           0,        749
 301,           440,             141,            252,      1260,           0,        746
 302,           441,             141,            267,      1267,           0,        746
 303,           443,             142,            251,      1262,           0,        751
 304,           446,             144,            254,      1273,           0,        751
 305,           450,             147,            256,      1280,           0,       1358
 306,           451,             147,            287,      1282,           0,        830
 307,           452,             147,            394,      1284,           0,        766
 308,           454,             148,            263,      1291,           0,        763
 309,           455,             148,            260,      1296,           0,        767
 310,           456,             148,            261,      1315,           0,        811
 311,           457,             148,            261,      1311,           0,        908
 312,           458,             148,            267,      1328,           0,        789
 313,           460,             149,            262,      1329,           0,        782
 314,           462,             150,            263,      1327,           0,        783
 315,           463,             150,            353,      1342,           0,        792
 316,           464,             150,            266,      1331,           0,        787
 317,           465,             150,            266,      1342,           0,        812
 318,           467,             151,            288,      1348,           0,        936
 319,           470,             153,            571,      1357,           0,        803
 320,           474,             156,            273,      1379,           0,        807
 321,           475,             156,            272,      1381,           0,        811
 322,           476,             156,            345,      1366,           0,        824
 323,           477,             156,            273,      1378,           0,        897
 324,           478,             156,            308,      1376,           0,        899
 325,           480,             157,            276,      1379,           0,        812
 326,           481,             157,            273,      1388,           0,        818
 327,           482,             157,            275,      1394,           0,        819
 328,           484,             158,            338,      1401,           0,        960
 329,           485,             158,            280,      1402,           0,       1015
 330,           486,             158,            305,      1403,           0,       2347
 331,           488,             159,            486,      1410,           0,        837
 332,           490,             160,            283,      1411,           0,        916
 333,           494,             163,            284,      1424,           0,        864
 334,           495,             163,            284,      1425,           0,        878
 335,           496,             163,            283,      1430,           0,        839
 336,           497,             163,            287,      1428,           0,        843
 337,           498,             163,            288,      1430,           0,        844
 338,           499,             163,            287,      1443,           0,        947
 339,           500,             163,            291,      1453,           0,        985
 340,           502,             164,            360,      1453,           0,        923
 341,           504,             165,            317,      1454,           0,        972
 342,           505,             165,            361,      1452,           0,       1045
 343,           506,             165,            296,      1466,           0,        865
 344,           507,             165,            291,      1467,           0,       1016
 345,           510,             167,            301,      1475,           0,        871
 346,           512,             168,            294,      1479,           0,        905
 347,           517,             172,            298,      1483,           0,        904
 348,           518,             172,            328,      1492,           0,        878
 349,           519,             172,            299,      1494,           0,        878
 350,           520,             172,            300,      1515,           0,        919
 351,           522,             173,            300,      1515,           0,       1052
 352,           524,             174,            306,      1518,           0,       1000
 353,           525,             174,            450,      1522,           0,        905
 354,           526,             174,            308,      1526,           0,        922
 355,           527,             174,            361,      1530,           0,        900
 356,           528,             174,            303,      1533,           0,        967
 357,           530,             175,            308,      1539,           0,        907
 358,           531,             175,            350,      1551,           0,        908
 359,           532,             175,            306,      1559,           0,        944
 360,           533,             175,            308,      1561,           0,       1053
 361,           535,             176,            310,      1565,           0,        959
 362,           538,             178,            312,      1578,           0,       1121
 363,           539,             178,            346,      1579,           0,       1228
 364,           543,             181,            397,      1581,           0,        929
 365,           544,             181,            451,      1590,           0,        934
 366,           545,             181,            318,      1594,           0,        935
 367,           546,             181,            315,      1601,           0,        935
 368,           548,             182,            319,      1603,           0,        936
 369,           550,             183,            348,      1608,           0,        939
 370,           551,             183,            318,      1613,           0,       1047
 371,           552,             183,            323,      1621,           0,       1047
 372,           553,             183,            486,      1627,           0,       1120
 373,           555,             184,            351,      1629,           0,       1200
 374,           556,             184,            329,      1637,           0,       1024
 375,           557,             184,            389,      1637,           0,       1004
 376,           559,             185,            327,      1656,           0,        967
 377,           562,             187,            324,      1663,           0,        967
 378,           566,             190,            329,      1665,           0,        967
 379,           568,             191,            331,      1662,           0,       1003
 380,           569,             191,            330,      1687,           0,        977
 381,           570,             191,            330,      1696,           0,       1003
 382,           572,             192,            333,      1686,           0,       1015
 383,           573,             192,            516,      1698,           0,       1399
 384,           576,             194,            366,      1711,           0,       1065
 385,           577,             194,            334,      1714,           0,        993
 386,           578,             194,            337,      1700,           0,       1031
 387,           579,             194,            335,      1710,           0,        989
 388,           580,             194,            335,      1719,           0,        997
 389,           582,             195,            547,      1718,           0,       1165
 390,           585,             197,            346,      1727,           0,       1000
 391,           586,             197,            352,      1734,           0,       1007
 392,           588,             198,            343,      1738,           0,       1170
 393,           589,             198,            377,      1741,           0,       1165
 394,           590,             198,            523,      1739,           0,       1100
 395,           592,             199,            347,      1743,           0,       1015
 396,           593,             199,            345,      1759,           0,       1055
 397,           594,             199,            346,      1762,           0,       1022
 398,           595,             199,            344,      1765,           0,       1020
 399,           597,             200,            345,      1770,           0,       1026
 400,           598,             200,            380,      1777,           0,       1030
 401,           599,             200,            346,      1781,           0,       1032
 402,           601,             201,            463,      1774,           0,       1093
 403,           603,             202,            353,      1781,           0,       1194
 404,           607,             205,            358,      1793,           0,       1108
 405,           608,             205,            354,      1804,           0,       1049
 406,           609,             205,            355,      1803,           0,       1071
 407,           610,             205,            356,      1812,           0,       1050
 408,           611,             205,            356,      1817,           0,       1053
 409,           612,             205,            355,      1815,           0,       1080
 410,           613,             205,            357,      1814,           0,       1150
 411,           616,             207,            363,      1827,           0,       1063
 412,           620,             210,            362,      1830,           0,       1060
 413,           621,             210,            362,      1834,           0,       1628
 414,           622,             210,            421,      1844,           0,       1071
 415,           623,             210,            363,      1858,           0,       1167
 416,           624,             210,            365,      1852,           0,       1196
 417,           625,             210,            365,      1855,           0,       1207
 418,           626,             210,            368,      1852,           0,       1083
 419,           628,             211,            365,      1856,           0,       1080
 420,           629,             211,            378,      1872,           0,       1086
 421,           630,             211,            411,      1871,           0,       1133
 422,           631,             211,            369,      1894,           0,       1091
 423,           633,             212,            378,      1895,           0,       1157
 424,           634,             212,            370,      1891,           0,       1298
 425,           635,             212,            370,      1895,           0,       1102
 426,           636,             212,            370,      1900,           0,       1114
 427,           637,             212,            375,      1904,           0,       1195
 428,           639,             213,            373,      1919,           0,       1111
 429,           640,             213,            371,      1924,           0,       1150
 430,           641,             213,            371,      1911,           0,       1252
 431,           642,             213,            375,      1928,           0,       1117
 432,           643,             213,            373,      1942,           0,       1160
 433,           645,             214,            375,      1945,           0,       1124
 434,           646,             214,            376,      1947,           0,       1124
 435,           647,             214,            376,      1945,           0,       1124
 436,           648,             214,            408,      1964,           0,       1132
 437,           649,             214,            392,      1965,           0,       1441
 438,           650,             214,            382,      1971,           0,       1140
 439,           651,             214,            418,      1966,           0,       1217
 440,           652,             214,            381,      1992,           0,       1145
 441,           655,             216,            379,      1996,           0,       1147
 442,           656,             216,            380,      1990,           0,       1159
 443,           657,             216,            380,      1990,           0,       1425
 444,           658,             216,            423,      2003,           0,       1161
 445,           659,             216,            398,      2006,           0,       1159
 446,           660,             216,            381,      2020,           0,       1159
 447,           661,             216,            381,      2021,           0,       1163
 448,           662,             216,            381,      2021,           0,       1197
 449,           663,             216,            388,      2024,           0,       1167
 450,           665,             217,            385,      2026,           0,       1168
 451,           668,             219,            415,      2031,           0,       1205
 452,           669,             219,            386,      2055,           0,       1177
 453,           670,             219,            387,      2061,           0,       1183
 454,           671,             219,            388,      2043,           0,       1218
 455,           673,             220,            389,      2049,           0,       1181
 456,           674,             220,            388,      2056,           0,       1314
 457,           675,             220,            394,      2059,           0,       1229
 458,           676,             220,            391,      2073,           0,       1191
 459,           678,             221,            391,      2073,           0,       1194
 460,           680,             222,            395,      2073,           0,       1238
 461,           683,             224,            396,      2081,           0,       1288
 462,           684,             224,            432,      2098,           0,       1306
 463,           685,             224,            430,      2094,           0,       1414
 464,           686,             224,            451,      2120,           0,       1310
 465,           687,             224,            429,      2120,           0,       1242
 466,           688,             224,            399,      2120,           0,       1232
 467,           689,             224,            401,      2124,           0,       1223
 468,           690,             224,            399,      2136,           0,       1390
 469,           691,             224,            401,      2141,           0,       1345
 470,           692,             224,            402,      2145,           0,       1236
 471,           694,             225,            400,      2155,           0,       1240
 472,           696,             226,            402,      2160,           0,       1308
 473,           697,             226,            437,      2165,           0,       1346
 474,           698,             226,            436,      2163,           0,       1347
 475,           699,             226,            443,      2170,           0,       1492
 476,           702,             228,            507,      2170,           0,       1477
 477,           703,             228,            656,      2186,           0,       1377
 478,           704,             228,            512,      2189,           0,       1482
 479,           706,             229,            451,      2203,           0,       1635
 480,           708,             230,            513,      2211,           0,       1533
 481,           712,             233,            447,      2215,           0,       1412
 482,           713,             233,            447,      2227,           0,       1581
 483,           714,             233,            512,      2224,           0,       1422
 484,           716,             234,            506,      2231,           0,       1919
 485,           718,             235,            494,      2235,           0,       1386
 486,           719,             235,            451,      2240,           0,       1522
 487,           720,             235,            844,      2242,           0,       1472
 488,           722,             236,            530,      2242,           0,       1711
 489,           723,             236,            675,      2248,           0,       1469
 490,           724,             236,            427,      2266,           0,       1301
 491,           726,             237,            421,      2281,           0,       1345
 492,           727,             237,            422,      2275,           0,       1336
 493,           729,             238,            425,      2285,           0,       1303
 494,           730,             238,            424,      2287,           0,       1343
 495,           731,             238,            438,      2290,           0,       1336
 496,           732,             238,            423,      2308,           0,       1349
 497,           733,             238,            422,      2311,           0,       1362
 498,           734,             238,            426,      2320,           0,       1319
 499,           736,             239,            424,      2324,           0,       1320
 500,           739,             241,            462,      2323,           0,       1455
 501,           742,             243,            434,      2326,           0,       1332
 502,           743,             243,            430,      2350,           0,       1433
 503,           744,             243,            432,      2349,           0,       1338
 504,           745,             243,            540,      2356,           0,       1344
 505,           746,             243,            434,      2357,           0,       1410
 506,           748,             244,            437,      2381,           0,       1379
 507,           751,             246,            437,      2379,           0,       1348
 508,           752,             246,            480,      2381,           0,       1443
 509,           753,             246,            437,      2387,           0,       1361
 510,           754,             246,            791,      2411,           0,       1613
 511,           755,             246,            443,      2408,           0,       1523
 512,           756,             246,            442,      2411,           0,       1367
 513,           758,             247,            440,      2412,           0,       1396
 514,           760,             248,            441,      2412,           0,       1473
 515,           764,             251,            445,      2427,           0,       1423
 516,           765,             251,            447,      2432,           0,       1388
 517,           766,             251,            449,      2438,           0,       1420
 518,           767,             251,            446,      2426,           0,       1427
 519,           770,             253,            447,      2446,           0,       1400
 520,           771,             253,            448,      2437,           0,       1401
 521,           772,             253,            480,      2442,           0,       1466
 522,           773,             253,            590,      2439,           0,       1414
 523,           775,             254,            451,      2448,           0,       1521
 524,           778,             256,            455,      2465,           0,       1413
 525,           782,             259,            456,      2472,           0,       1416
 526,           783,             259,            476,      2463,           0,       1418
 527,           784,             259,            457,      2460,           0,       1419
 528,           785,             259,            457,      2474,           0,       1457
 529,           786,             259,            456,      2479,           0,       1458
 530,           788,             260,            499,      2473,           0,       1576
 531,           789,             260,            459,      2476,           0,       1600
 532,           790,             260,            497,      2492,           0,       1707
 533,           791,             260,            502,      2496,           0,       1719
 534,           792,             260,            498,      2490,           0,       1893
 535,           793,             260,            530,      2509,           0,       1602
 536,           795,             261,            466,      2504,           0,       1445
 537,           798,             263,            464,      2511,           0,       1447
 538,           799,             263,            465,      2516,           0,       1485
 539,           800,             263,            466,      2521,           0,       1454
 540,           801,             263,            468,      2515,           0,       1447
 541,           802,             263,            464,      2524,           0,       1454
 542,           803,             263,            468,      2533,           0,       1636
 543,           804,             263,            470,      2547,           0,       1560
 544,           805,             263,            471,      2540,           0,       1466
 545,           806,             263,            467,      2541,           0,       1482
 546,           807,             263,            468,      2550,           0,       1473
 547,           809,             264,            546,      2564,           0,       1631
 548,           812,             266,            478,      2553,           0,       1502
 549,           816,             269,            476,      2562,           0,       1481
 550,           821,             273,            480,      2578,           0,       1557
 551,           822,             273,            482,      2580,           0,       1501
 552,           823,             273,            487,      2566,           0,       1635
 553,           824,             273,            526,      2570,           0,       1605
 554,           825,             273,            484,      2579,           0,       1502
 555,           827,             274,            484,      2583,           0,       1754
 556,           828,             274,            563,      2595,           0,       1592
 557,           829,             274,            501,      2598,           0,       1640
 558,           833,             277,            488,      2611,           0,       1517
 559,           834,             277,            485,      2612,           0,       1561
 560,           835,             277,            488,      2622,           0,       1536
 561,           836,             277,            488,      2622,           0,       1543
 562,           837,             277,            488,      2620,           0,       1729
 563,           838,             277,            493,      2623,           0,       1724
 564,           839,             277,           1076,      2633,           0,       1606
 565,           840,             277,            494,      2643,           0,       1539
 566,           841,             277,            490,      2641,           0,       1582
 567,           842,             277,            591,      2645,           0,       1543
 568,           843,             277,            495,      2644,           0,       1540
 569,           845,             278,            493,      2650,           0,       1570
 570,           846,             278,            496,      2667,           0,       1577
 571,           847,             278,            499,      2676,           0,       1590
 572,           848,             278,            620,      2678,           0,       1565
 573,           849,             278,            497,      2690,           0,       1564
 574,           850,             278,            567,      2688,           0,       1567
 575,           851,             278,            495,      2693,           0,       1564
 576,           853,             279,            560,      2702,           0,       1611
 577,           855,             280,            499,      2705,           0,       1577
 578,           858,             282,            501,      2706,           0,       1596
 579,           859,             282,            500,      2714,           0,       1590
 580,           860,             282,            611,      2730,           0,       1590
 581,           861,             282,            542,      2732,           0,       1724
 582,           863,             283,            509,      2720,           0,       1645
 583,           864,             283,            534,      2723,           0,       1770
 584,           865,             283,            509,      2726,           0,       1622
 585,           866,             283,            504,      2729,           0,       1677
 586,           869,             285,            510,      2730,           0,       1619
 587,           870,             285,            508,      2747,           0,       1600
 588,           871,             285,            554,      2757,           0,       1610
 589,           872,             285,            508,      2762,           0,       1706
 590,           875,             287,            520,      2761,           0,       1645
 591,           876,             287,            644,      2771,           0,       1615
 592,           877,             287,            514,      2774,           0,       1796
 593,           878,             287,            516,      2775,           0,       1649
 594,           880,             288,            521,      2784,           0,       1662
 595,           882,             289,            523,      2792,           0,       1627
 596,           883,             289,            516,      2793,           0,       1621
 597,           884,             289,            574,      2808,           0,       1760
 598,           885,             289,            517,      2805,           0,       1630
 599,           886,             289,            525,      2818,           0,       1659
 600,           887,             289,            544,      2819,           0,       1754
 601,           888,             289,            517,      2822,           0,       1765
 602,           890,             290,            520,      2816,           0,       1641
 603,           892,             291,            517,      2827,           0,       1838
 604,           896,             294,            530,      2845,           0,       1649
 605,           897,             294,            522,      2850,           0,       2112
 606,           898,             294,            576,      2846,           0,       1658
 607,           899,             294,            552,      2844,           0,       1657
 608,           900,             294,            541,      2863,           0,       1662
 609,           902,             295,            526,      2866,           0,       1800
 610,           903,             295,            570,      2857,           0,       1660
 611,           904,             295,            524,      2861,           0,       1669
 612,           906,             296,            527,      2883,           0,       1703
 613,           907,             296,            532,      2885,           0,       1676
 614,           908,             296,            530,      2885,           0,       1711
 615,           909,             296,            528,      2884,           0,       1672
 616,           910,             296,            530,      2905,           0,       2133
 617,           912,             297,            535,      2904,           0,       1717
 618,           913,             297,            543,      2905,           0,       1972
 619,           914,             297,            536,      2910,           0,       1696
 620,           915,             297,            755,      2930,           0,       1931
 621,           917,             298,            535,      2931,           0,       1702
 622,           918,             298,            534,      2930,           0,       1700
 623,           919,             298,            592,      2942,           0,       1712
 624,           921,             299,            535,      2961,           0,       1710
 625,           922,             299,            550,      2966,           0,       1714
 626,           925,             301,            572,      2979,           0,       1724
 627,           929,             304,            811,      2967,           0,       2414
 628,           930,             304,            724,      2968,           0,       2589
 629,           931,             304,            698,      2971,           0,       2662
 630,           933,             305,            590,      2998,           0,       2393
 631,           934,             305,            591,      3003,           0,       1861
 632,           936,             306,            587,      2986,           0,       1862
 633,           937,             306,            701,      3000,           0,       2545
 634,           938,             306,            875,      3005,           0,       1847
 635,           940,             307,            550,      3009,           0,       1788
 636,           941,             307,            548,      3023,           0,       1751
 637,           945,             310,            612,      3025,           0,       1791
 638,           948,             312,            590,      3043,           0,       1810
 639,           949,             312,            569,      3044,           0,       1903
 640,           950,             312,            560,      3066,           0,       1893
 641,           951,             312,            557,      3068,           0,       1772
 642,           953,             313,            612,      3074,           0,       1918
 643,           954,             313,            559,      3071,           0,       1774
 644,           955,             313,            823,      3064,           0,       2396
 645,           956,             313,            597,      3064,           0,       1878
 646,           958,             314,            560,      3076,           0,       1786
 647,           959,             314,            601,      3088,           0,       1794
 648,           962,             316,            567,      3078,           0,       1814
 649,           967,             320,            569,      3089,           0,       1935
 650,           968,             320,            571,      3093,           0,       1801
 651,           969,             320,            566,      3094,           0,       1889
 652,           971,             321,            572,      3109,           0,       1801
 653,           972,             321,            570,      3110,           0,       1888
 654,           973,             321,            570,      3115,           0,       1806
 655,           975,             322,            673,      3116,           0,       1886
 656,           976,             322,            576,      3133,           0,       1853
 657,           977,             322,            573,      3135,           0,       1845
 658,           979,             323,            574,      3137,           0,       1945
 659,           980,             323,            578,      3140,           0,       1916
 660,           984,             326,            580,      3153,           0,       1825
 661,           986,             327,            578,      3157,           0,       1876
 662,           987,             327,            580,      3144,           0,       1829
 663,           988,             327,            578,      3155,           0,       1909
 664,           989,             327,            584,      3167,           0,       1981
 665,           990,             327,            617,      3170,           0,       1875
 666,           991,             327,            581,      3176,           0,       1986
 667,           992,             327,            582,      3189,           0,       2086
 668,           994,             328,            615,      3186,           0,       1847
 669,           995,             328,            581,      3188,           0,       2335
 670,           996,             328,            648,      3203,           0,       2105
 671,           997,             328,            707,      3199,           0,       2023
 672,           999,             329,            633,      3199,           0,       2414
 673,          1003,             332,            640,      3205,           0,       2180
 674,          1004,             332,            645,      3212,           0,       2105
 675,          1005,             332,            637,      3211,           0,       2018
 676,          1006,             332,            782,      3232,           0,       2513
 677,          1007,             332,            641,      3240,           0,       2122
 678,          1008,             332,            637,      3246,           0,       3657
 679,          1009,             332,           2162,      3251,           0,       2252
 680,          1011,             333,            782,      3244,           0,       2716
 681,          1012,             333,            771,      3250,           0,       2270
 682,          1013,             333,            601,      3260,           0,       3124
 683,          1014,             333,            849,      3264,           0,       2159
 684,          1015,             333,            597,      3251,           0,       1892
 685,          1016,             333,            637,      3255,           0,       1894
 686,          1018,             334,            627,      3273,           0,       1899
 687,          1021,             336,            818,      3295,           0,       1914
 688,          1023,             337,            602,      3293,           0,       2053
 689,          1025,             338,            606,      3294,           0,       1909
 690,          1026,             338,            600,      3303,           0,       1951
 691,          1027,             338,            601,      3304,           0,       1938
 692,          1028,             338,            794,      3308,           0,       2012
 693,          1030,             339,            607,      3312,           0,       1922
 694,          1031,             339,            604,      3317,           0,       2073
 695,          1035,             342,            609,      3328,           0,       1944
 696,          1036,             342,            607,      3343,           0,       1976
 697,          1037,             342,            608,      3346,           0,       2087
 698,          1038,             342,            611,      3347,           0,       1975
 699,          1040,             343,            610,      3344,           0,       1960
 700,          1043,             345,            613,      3383,           0,       1981
 701,          1044,             345,            612,      3382,           0,       1982
 702,          1049,             349,            650,      3386,           0,       2140
 703,          1050,             349,            619,      3385,           0,       1975
 704,          1051,             349,            623,      3393,           0,       2043
 705,          1052,             349,            625,      3395,           0,       2008
 706,          1055,             351,            621,      3403,           0,       2029
 707,          1056,             351,            624,      3418,           0,       2154
 708,          1058,             352,            625,      3408,           0,       2003
 709,          1059,             352,            623,      3411,           0,       2116
 710,          1060,             352,            685,      3428,           0,       2053
 711,          1061,             352,            664,      3424,           0,       1981
 712,          1062,             352,            625,      3433,           0,       2007
 713,          1063,             352,            632,      3443,           0,       1989
 714,          1065,             353,            626,      3446,           0,       2026
 715,          1068,             355,            628,      3435,           0,       1992
 716,          1069,             355,            658,      3468,           0,       2059
 717,          1070,             355,            628,      3468,           0,       2122
 718,          1071,             355,            632,      3478,           0,       2032
 719,          1072,             355,            627,      3480,           0,       2406
 720,          1073,             355,            670,      3478,           0,       2017
 721,          1074,             355,            654,      3486,           0,       2014
 722,          1075,             355,            633,      3501,           0,       2015
 723,          1077,             356,            633,      3493,           0,       2053
 724,          1078,             356,            634,      3509,           0,       2551
 725,          1079,             356,            638,      3526,           0,       2100
 726,          1080,             356,            635,      3515,           0,       2063
 727,          1081,             356,            675,      3517,           0,       2032
 728,          1082,             356,            636,      3536,           0,       2139
 729,          1083,             356,            635,      3538,           0,       2039
 730,          1084,             356,            670,      3533,           0,       2155
 731,          1085,             356,            637,      3544,           0,       2041
 732,          1086,             356,            782,      3553,           0,       2152
 733,          1087,             356,            638,      3553,           0,       2141
 734,          1089,             357,            705,      3573,           0,       2060
 735,          1090,             357,            643,      3575,           0,       2057
 736,          1091,             357,            638,      3571,           0,       2060
 737,          1092,             357,            638,      3575,           0,       2089
 738,          1094,             358,            653,      3588,           0,       2067
 739,          1097,             360,            642,      3598,           0,       2281
 740,          1102,             364,            652,      3598,           0,       2075
 741,          1103,             364,            653,      3600,           0,       2078
 742,          1104,             364,            648,      3613,           0,       2086
 743,          1105,             364,            681,      3618,           0,       2082
 744,          1106,             364,            655,      3623,           0,       2118
 745,          1109,             366,            682,      3630,           0,       2102
 746,          1113,             369,            696,      3648,           0,       2315
 747,          1116,             371,            671,      3638,           0,       2130
 748,          1117,             371,            669,      3647,           0,       2151
 749,          1118,             371,            656,      3664,           0,       2134
 750,          1119,             371,            657,      3656,           0,       2102
 751,          1121,             372,            659,      3664,           0,       2146
 752,          1122,             372,            660,      3691,           0,       2115
 753,          1123,             372,            662,      3691,           0,       2294
 754,          1125,             373,            664,      3700,           0,       2131
 755,          1127,             374,            697,      3709,           0,       2136
 756,          1130,             376,            666,      3706,           0,       2197
 757,          1131,             376,            663,      3715,           0,       2228
 758,          1132,             376,            668,      3714,           0,       2234
 759,          1133,             376,            697,      3708,           0,       2122
 760,          1135,             377,            665,      3754,           0,       2361
 761,          1136,             377,            671,      3765,           0,       2188
 762,          1140,             380,            669,      3761,           0,       2145
 763,          1142,             381,            669,      3767,           0,       2971
 764,          1143,             381,            677,      3766,           0,       2203
 765,          1144,             381,            670,      3762,           0,       2152
 766,          1145,             381,            671,      3784,           0,       2202
 767,          1146,             381,            670,      3790,           0,       2171
 768,          1149,             383,            717,      3801,           0,       2164
 769,          1151,             384,            823,      3803,           0,       2660
 770,          1152,             384,            679,      3814,           0,       2175
 771,          1153,             384,            800,      3822,           0,       2187
 772,          1154,             384,            693,      3791,           0,       2275
 773,          1156,             385,            686,      3795,           0,       2320
 774,          1159,             387,            684,      3819,           0,       2224
 775,          1160,             387,            682,      3820,           0,       2209
 776,          1161,             387,            714,      3821,           0,       2329
 777,          1162,             387,            740,      3825,           0,       2394
 778,          1163,             387,            687,      3842,           0,       2228
 779,          1164,             387,            688,      3839,           0,       2375
 780,          1165,             387,           1857,      3842,           0,       3627
 781,          1166,             387,           1462,      3848,           0,       2974
 782,          1167,             387,           1316,      3851,           0,       4642
 783,          1168,             387,           1466,      3863,           0,       4725
 784,          1169,             387,           1157,      3864,           0,       2559
 785,          1170,             387,            887,      3867,           0,       3882
 786,          1171,             387,            841,      3869,           0,       2512
 787,          1172,             387,            792,      3873,           0,       2289
 788,          1173,             387,            693,      3877,           0,       2230
 789,          1175,             388,            688,      3869,           0,       2364
 790,          1176,             388,            691,      3890,           0,       2609
 791,          1178,             389,            711,      3898,           0,       2330
 792,          1179,             389,            697,      3890,           0,       2265
 793,          1180,             389,            688,      3897,           0,       2299
 794,          1181,             389,            806,      3927,           0,       2362
 795,          1182,             389,            695,      3922,           0,       2275
 796,          1183,             389,            761,      3913,           0,       2295
 797,          1184,             389,            693,      3934,           0,       2326
 798,          1185,             389,            696,      3937,           0,       2254
 799,          1186,             389,            734,      3932,           0,       2250
 800,          1188,             390,            695,      3945,           0,       2310
 801,          1189,             390,            694,      3948,           0,       2263
 802,          1190,             390,            728,      3957,           0,       2390
 803,          1191,             390,            701,      3952,           0,       2283
 804,          1192,             390,            695,      3952,           0,       2261
 805,          1193,             390,            722,      3961,           0,       2440
 806,          1194,             390,            698,      3965,           0,       2267
 807,          1195,             390,            735,      3972,           0,       2295
 808,          1196,             390,            729,      3985,           0,       3917
 809,          1197,             390,           1002,      3984,           0,       2388
 810,          1198,             390,            705,      3988,           0,       2283
 811,          1200,             391,            756,      3995,           0,       2411
 812,          1202,             392,            705,      4002,           0,       2382
 813,          1203,             392,            703,      4011,           0,       2302
 814,          1204,             392,            733,      4022,           0,       2506
 815,          1206,             393,            708,      4017,           0,       2354
 816,          1208,             394,            926,      4027,           0,       2557
 817,          1210,             395,            756,      4029,           0,       2346
 818,          1215,             399,            711,      4041,           0,       2309
 819,          1216,             399,            857,      4034,           0,       2641
 820,          1217,             399,            716,      4034,           0,       2352
 821,          1218,             399,            712,      4049,           0,       2475
 822,          1219,             399,            719,      4065,           0,       2462
 823,          1220,             399,            717,      4059,           0,       2362
 824,          1221,             399,            717,      4065,           0,       2369
 825,          1222,             399,            723,      4070,           0,       2365
 826,          1223,             399,            714,      4076,           0,       2367
 827,          1225,             400,            717,      4083,           0,       2478
 828,          1228,             402,            777,      4097,           0,       2347
 829,          1230,             403,            720,      4099,           0,       2401
 830,          1231,             403,            721,      4114,           0,       2352
 831,          1232,             403,            866,      4121,           0,       2518
 832,          1233,             403,            727,      4114,           0,       2437
 833,          1234,             403,            722,      4119,           0,       2390
 834,          1235,             403,            890,      4120,           0,       2467
 835,          1236,             403,            726,      4123,           0,       2429
 836,          1240,             406,            732,      4138,           0,       2465
 837,          1241,             406,            730,      4142,           0,       2367
 838,          1242,             406,            728,      4135,           0,       2423
 839,          1243,             406,            751,      4135,           0,       2376
 840,          1244,             406,            731,      4155,           0,       2532
 841,          1245,             406,            874,      4159,           0,       2460
 842,          1246,             406,            734,      4162,           0,       2387
 843,          1247,             406,            733,      4176,           0,       2503
 844,          1248,             406,            732,      4185,           0,       2504
 845,          1249,             406,            734,      4186,           0,       2401
 846,          1250,             406,            733,      4200,           0,       2559
 847,          1251,             406,            734,      4213,           0,       2502
 848,          1252,             406,            738,      4194,           0,       2404
 849,          1253,             406,            733,      4196,           0,       2435
 850,          1255,             407,            735,      4206,           0,       2496
 851,          1256,             407,            756,      4213,           0,       2434
 852,          1257,             407,            736,      4219,           0,       2448
 853,          1259,             408,            828,      4231,           0,       2919
 854,          1260,             408,            741,      4231,           0,       2424
 855,          1261,             408,            738,      4238,           0,       2490
 856,          1262,             408,            736,      4246,           0,       2428
 857,          1264,             409,            740,      4253,           0,       2532
 858,          1266,             410,            742,      4260,           0,       2472
 859,          1268,             411,            879,      4267,           0,       2443
 860,          1270,             412,            746,      4265,           0,       2434
 861,          1271,             412,            742,      4261,           0,       2480
 862,          1272,             412,            742,      4279,           0,       2528
 863,          1273,             412,            744,      4291,           0,       2450
 864,          1274,             412,            743,      4304,           0,       2534
 865,          1276,             413,            745,      4310,           0,       2585
 866,          1278,             414,            753,      4316,           0,       2468
 867,          1282,             417,            753,      4319,           0,       2669
 868,          1283,             417,            756,      4323,           0,       2537
 869,          1284,             417,            752,      4319,           0,       2463
 870,          1285,             417,            752,      4339,           0,       2505
 871,          1286,             417,            752,      4328,           0,       2644
 872,          1288,             418,            759,      4355,           0,       2482
 873,          1289,             418,            754,      4356,           0,       2516
 874,          1290,             418,            761,      4353,           0,       2518
 875,          1291,             418,            753,      4366,           0,       2487
 876,          1292,             418,            828,      4382,           0,       2562
 877,          1294,             419,            759,      4386,           0,       2655
 878,          1296,             420,            758,      4377,           0,       2815
 879,          1297,             420,            761,      4379,           0,       2502
 880,          1298,             420,            777,      4402,           0,       2534
 881,          1300,             421,            765,      4405,           0,       2532
 882,          1301,             421,            784,      4422,           0,       2513
 883,          1302,             421,            826,      4425,           0,       2717
 884,          1303,             421,            765,      4418,           0,       2516
 885,          1305,             422,            823,      4417,           0,       2521
 886,          1306,             422,            792,      4435,           0,       2553
 887,          1307,             422,            762,      4442,           0,       2550
 888,          1308,             422,            846,      4442,           0,       2530
 889,          1309,             422,            817,      4454,           0,       2715
 890,          1310,             422,            764,      4453,           0,       3012
 891,          1311,             422,            813,      4468,           0,       2597
 892,          1312,             422,            766,      4474,           0,       2690
 893,          1313,             422,            770,      4478,           0,       2624
 894,          1315,             423,            771,      4489,           0,       2582
 895,          1317,             424,            769,      4500,           0,       2546
 896,          1320,             426,            771,      4495,           0,       2587
 897,          1321,             426,            767,      4501,           0,       3406
 898,          1322,             426,            993,      4516,           0,       2638
 899,          1324,             427,            933,      4524,           0,       2573
 900,          1325,             427,            775,      4509,           0,       2902
 901,          1326,             427,            773,      4518,           0,       2604
 902,          1327,             427,            773,      4514,           0,       2707
 903,          1329,             428,            850,      4519,           0,       2573
 904,          1330,             428,            812,      4555,           0,       2617
 905,          1331,             428,            775,      4558,           0,       2586
 906,          1332,             428,            784,      4572,           0,       2656
 907,          1333,             428,            776,      4566,           0,       3057
 908,          1334,             428,            781,      4558,           0,       2737
 909,          1337,             430,            779,      4557,           0,       2584
 910,          1341,             433,            818,      4555,           0,       2590
 911,          1342,             433,            818,      4571,           0,       2648
 912,          1343,             433,            785,      4585,           0,       2761
 913,          1345,             434,            786,      4587,           0,       2629
 914,          1346,             434,            788,      4583,           0,       2779
 915,          1347,             434,            789,      4600,           0,       2649
 916,          1348,             434,            787,      4597,           0,       2609
 917,          1349,             434,            808,      4604,           0,       2614
 918,          1350,             434,            834,      4604,           0,       2678
 919,          1352,             435,            835,      4623,           0,       2671
 920,          1353,             435,            931,      4621,           0,       2632
 921,          1354,             435,            791,      4624,           0,       3246
 922,          1356,             436,            917,      4631,           0,       3190
 923,          1357,             436,           1040,      4643,           0,       3325
 924,          1358,             436,            814,      4657,           0,       3048
 925,          1359,             436,           1080,      4658,           0,       3190
 926,          1361,             437,           1014,      4659,           0,       2961
 927,          1362,             437,            885,      4663,           0,       2997
 928,          1363,             437,            910,      4697,           0,       3341
 929,          1364,             437,            998,      4701,           0,       3304
 930,          1367,             439,            891,      4686,           0,       3033
 931,          1371,             442,            893,      4704,           0,       3075
 932,          1372,             442,            892,      4703,           0,       3303
 933,          1373,             442,           1211,      4706,           0,       2903
 934,          1375,             443,            935,      4713,           0,       3038
 935,          1376,             443,            895,      4727,           0,       3029
 936,          1377,             443,            867,      4736,           0,       2966
 937,          1378,             443,            875,      4738,           0,       2898
 938,          1379,             443,            809,      4750,           0,       2985
 939,          1380,             443,            813,      4746,           0,       2707
 940,          1382,             444,            809,      4758,           0,       3085
 941,          1385,             446,            877,      4758,           0,       3105
 942,          1388,             448,            817,      4779,           0,       2737
 943,          1389,             448,            846,      4778,           0,       2707
 944,          1390,             448,            947,      4787,           0,       3120
 945,          1392,             449,            838,      4792,           0,       3001
 946,          1393,             449,            815,      4806,           0,       2931
 947,          1394,             449,            816,      4814,           0,       2728
 948,          1396,             450,            818,      4792,           0,       2758
 949,          1398,             451,            818,      4794,           0,       2749
 950,          1399,             451,            819,      4814,           0,       3343
 951,          1400,             451,            906,      4833,           0,       2737
 952,          1401,             451,            857,      4828,           0,       2732
 953,          1402,             451,            822,      4829,           0,       2767
 954,          1403,             451,            818,      4856,           0,       2802
 955,          1404,             451,            876,      4850,           0,       2986
 956,          1406,             452,            951,      4856,           0,       3303
 957,          1407,             452,            901,      4868,           0,       3200
 958,          1409,             453,            952,      4877,           0,       3488
 959,          1410,             453,           1009,      4892,           0,       4133
 960,          1411,             453,            944,      4885,           0,       3193
 961,          1412,             453,            829,      4891,           0,       2846
 962,          1413,             453,            827,      4911,           0,       2813
 963,          1414,             453,            852,      4917,           0,       2798
 964,          1415,             453,            823,      4918,           0,       2786
 965,          1416,             453,            823,      4918,           0,       2799
 966,          1417,             453,            957,      4927,           0,       2862
 967,          1418,             453,            828,      4937,           0,       2815
 968,          1420,             454,            827,      4940,           0,       2804
 969,          1422,             455,            828,      4945,           0,       3295
 970,          1424,             456,            833,      4942,           0,       2822
 971,          1425,             456,            828,      4958,           0,       2916
 972,          1426,             456,            872,      4962,           0,       2855
 973,          1428,             457,            896,      4968,           0,       2841
 974,          1429,             457,            835,      4969,           0,       2875
 975,          1431,             458,            839,      4993,           0,       2806
 976,          1432,             458,            896,      4969,           0,       2804
 977,          1433,             458,            912,      4972,           0,       2883
 978,          1434,             458,            837,      4986,           0,       2929
 979,          1436,             459,            868,      4990,           0,       2816
 980,          1437,             459,            874,      5023,           0,       2847
 981,          1441,             462,            842,      5023,           0,       2861
 982,          1442,             462,            858,      5035,           0,       2994
 983,          1443,             462,            937,      5048,           0,       2842
 984,          1444,             462,            851,      5041,           0,       2844
 985,          1446,             463,            844,      5045,           0,       2866
 986,          1447,             463,            844,      5058,           0,       2873
 987,          1448,             463,            843,      5058,           0,       2998
 988,          1449,             463,            848,      5072,           0,       2872
 989,          1450,             463,            844,      5076,           0,       2883
 990,          1451,             463,            849,      5084,           0,       2937
 991,          1452,             463,            901,      5078,           0,       2952
 992,          1453,             463,            851,      5102,           0,       2870
 993,          1455,             464,           1132,      5103,           0,       2870
 994,          1456,             464,            849,      5116,           0,       2912
 995,          1457,             464,            873,      5123,           0,       2918
 996,          1458,             464,            849,      5131,           0,       2907
 997,          1459,             464,            850,      5130,           0,       2890
 998,          1460,             464,            881,      5136,           0,       3038
 999,          1463,             466,            908,      5146,           0,       2960
1000,          1465,             467,            858,      5150,           0,       2933
