      n, insertion_cmp, insertion_swaps, insertion_time, merge_cmp, merge_swaps, merge_time
      0,             0,               0,             26,         0,           0,         24
      1,             0,               0,              3,         0,           0,          2
      2,             1,               1,            102,         1,           0,         98
      3,             3,               2,             27,         3,           0,         39
      4,             6,               4,             50,         5,           0,         62
      5,            10,               8,             64,         8,           0,         87
      6,            13,              10,             80,        10,           0,         81
      7,            18,              14,             86,        13,           0,         99
      8,            19,              14,             92,        17,           0,        110
      9,            27,              22,            128,        21,           0,        125
     10,            36,              31,            173,        25,           0,        134
     11,            42,              36,            215,        28,           0,        150
     12,            53,              47,            257,        32,           0,        164
     13,            58,              51,            279,        36,           0,        184
     14,            65,              57,            444,        39,           0,        226
     15,            75,              66,            336,        44,           0,        247
     16,            84,              74,            400,        44,           0,        230
     17,           100,              89,            447,        49,           0,        250
     18,           104,              92,            463,        57,           0,        277
     19,           115,             102,           1112,        59,           0,        527
     20,           129,             115,            602,        66,           0,        365
     21,           144,             129,            653,        70,           0,        374
     22,           161,             145,            718,        74,           0,        391
     23,           178,             161,            841,        77,           0,        784
     24,           183,             165,           1183,        85,           0,        454
     25,           207,             189,           2047,        91,           0,        468
     26,           222,             203,            990,        94,           0,        483
     27,           248,             228,           1105,       100,           0,        519
     28,           265,             244,           1180,       103,           0,        526
     29,           292,             270,           1486,       109,           0,        663
     30,           317,             294,           1488,       113,           0,        586
     31,           324,             300,           1924,       118,           0,       1527
     32,           331,             306,           3299,       119,           0,       1044
     33,           342,             316,           1670,       123,           0,        625
     34,           359,             332,           1920,       129,           0,       1245
     35,           392,             364,           2115,       133,           0,       3025
     36,           427,             398,           2396,       145,           0,        786
     37,           433,             403,           2755,       150,           0,        756
     38,           438,             407,           2890,       150,           0,        915
     39,           444,             412,           3639,       155,           0,       1253
     40,           473,             440,           2355,       166,           0,        932
     41,           512,             478,           2352,       172,           0,       1059
     42,           544,             509,           4037,       173,           0,       1609
     43,           550,             514,           2586,       179,           0,        903
     44,           579,             542,           4096,       185,           0,       1597
     45,           585,             547,           3697,       188,           0,       2341
     46,           617,             578,           9467,       197,           0,       1739
     47,           639,             599,           8004,       200,           0,       1595
     48,           676,             635,           3615,       204,           0,        973
     49,           685,             643,           5398,       209,           0,       7276
     50,           693,             650,           2968,       222,           0,       1003
     51,           707,             663,           3372,       231,           0,       1888
     52,           748,             703,           3714,       227,           0,       1032
     53,           794,             748,           4652,       234,           0,       2715
     54,           833,             786,           4842,       244,           0,       1095
     55,           872,             824,           4551,       247,           0,       1493
     56,           886,             837,           4835,       255,           0,       1995
     57,           937,             887,           4791,       261,           0,       1155
     58,           985,             934,           4888,       266,           0,       1719
     59,          1002,             950,           6487,       272,           0,       1324
     60,          1030,             977,           5906,       276,           0,       3175
     61,          1057,            1003,           6180,       286,           0,       2482
     62,          1074,            1019,           8201,       290,           0,       1291
     63,          1132,            1076,           5928,       296,           0,       2171
     64,          1171,            1114,           5594,       294,           0,       1297
     65,          1219,            1161,           6906,       300,           0,       2320
     66,          1239,            1180,           5252,       312,           0,       1700
     67,          1282,            1222,           7375,       312,           0,       2382
     68,          1337,            1276,           5761,       321,           0,       1814
     69,          1405,            1343,           8250,       325,           0,       1477
     70,          1472,            1409,           8811,       335,           0,       2564
     71,          1496,            1432,           7081,       339,           0,       1673
     72,          1503,            1438,          10040,       357,           0,       1583
     73,          1517,            1451,          11247,       361,           0,       1578
     74,          1545,            1478,           7483,       369,           0,       4273
     75,          1566,            1498,           8228,       369,           0,       3843
     76,          1597,            1528,           9419,       376,           0,       5004
     77,          1631,            1561,          12708,       382,           0,       4690
     78,          1706,            1635,           8336,       389,           0,       1822
     79,          1743,            1671,          16439,       397,           0,       3193
     80,          1801,            1728,          10744,       398,           0,      32663
     81,          1808,            1734,           8530,       410,           0,       1780
     82,          1877,            1802,          10346,       416,           0,       1819
     83,          1879,            1803,          11023,       425,           0,       2323
     84,          1943,            1866,           9053,       431,           0,       4200
     85,          2023,            1945,          10941,       440,           0,       2486
     86,          2047,            1968,           9634,       447,           0,       6169
     87,          2061,            1981,          10206,       449,           0,       3923
     88,          2129,            2048,          17172,       463,           0,       2205
     89,          2141,            2059,          12732,       466,           0,       2083
     90,          2164,            2081,          13516,       463,           0,       2207
     91,          2253,            2169,          13708,       470,           0,       2024
     92,          2271,            2186,          12760,       480,           0,       2479
     93,          2320,            2234,          13411,       491,           0,       2146
     94,          2368,            2281,          14358,       499,           0,       2259
     95,          2409,            2321,          13907,       494,           0,       2126
     96,          2419,            2330,          13464,       508,           0,       2176
     97,          2466,            2376,          14519,       516,           0,       2389
     98,          2544,            2453,          14248,       524,           0,       2326
     99,          2579,            2487,          15076,       527,           0,       2720
    100,          2638,            2545,          15141,       539,           0,       2491
    101,          2675,            2581,          14235,       550,           0,       4098
    102,          2739,            2644,          14668,       564,           0,       2578
    103,          2760,            2664,          14993,       560,           0,       2380
    104,          2799,            2702,          16367,       565,           0,       2481
    105,          2814,            2716,          17297,       572,           0,       3897
    106,          2826,            2727,          13741,       577,           0,       3365
    107,          2842,            2742,          13314,       582,           0,       3103
    108,          2892,            2791,          13921,       600,           0,       2639
    109,          2919,            2817,          15465,       610,           0,       2635
    110,          3017,            2914,          16705,       612,           0,       2858
    111,          3077,            2973,          15973,       608,           0,       3245
    112,          3135,            3030,          16450,       619,           0,       3021
    113,          3242,            3136,          16225,       623,           0,       2657
    114,          3303,            3196,          16252,       634,           0,       2962
    115,          3337,            3229,          17798,       639,           0,       4336
    116,          3438,            3329,          16870,       648,           0,       2827
    117,          3440,            3330,          17293,       659,           0,       3244
    118,          3530,            3419,          18616,       667,           0,       6231
    119,          3545,            3433,          18394,       673,           0,       3321
    120,          3577,            3464,          20216,       682,           0,       3816
    121,          3654,            3540,          18553,       688,           0,       2891
    122,          3745,            3630,          20967,       696,           0,       3593
    123,          3849,            3733,          18809,       703,           0,       3232
    124,          3921,            3804,          19354,       706,           0,       5767
    125,          3988,            3870,          27907,       714,           0,       3018
    126,          4024,            3905,          19244,       721,           0,       3144
    127,          4147,            4027,          21671,       725,           0,       3652
    128,          4221,            4100,          20204,       723,           0,       3978
    129,          4306,            4184,          24374,       730,           0,       3373
    130,          4314,            4191,          20638,       744,           0,       4313
    131,          4359,            4235,          22678,       751,           0,       3798
    132,          4412,            4287,          21749,       761,           0,       3228
    133,          4500,            4374,          22596,       770,           0,       3255
    134,          4503,            4376,          21224,       769,           0,       3609
    135,          4568,            4440,          24398,       774,           0,       3340
    136,          4579,            4450,          23449,       789,           0,       3785
    137,          4606,            4476,          21378,       797,           0,       3738
    138,          4682,            4551,          23799,       794,           0,       3701
    139,          4793,            4661,          24337,       810,           0,       3438
    140,          4849,            4716,          26273,       818,           0,       3502
    141,          4880,            4746,          23070,       824,           0,       5367
    142,          4976,            4841,          23266,       825,           0,       3915
    143,          5021,            4885,          25667,       830,           0,       4706
    144,          5040,            4903,          24574,       862,           0,       4426
    145,          5083,            4945,          24622,       870,           0,       3690
    146,          5215,            5076,          27582,       873,           0,       3646
    147,          5311,            5171,          27034,       882,           0,       3805
    148,          5315,            5174,          26407,       882,           0,       3874
    149,          5381,            5239,          28192,       895,           0,       3934
    150,          5517,            5374,          29155,       890,           0,       3896
    151,          5554,            5410,          28685,       905,           0,       3777
    152,          5656,            5511,          30302,       913,           0,       4549
    153,          5706,            5560,          26962,       919,           0,       4918
    154,          5850,            5703,          27640,       927,           0,       5026
    155,          5984,            5836,          29422,       934,           0,       4002
    156,          6086,            5937,          28413,       937,           0,       5673
    157,          6194,            6044,          30657,       947,           0,       3921
    158,          6272,            6121,          32598,       958,           0,       4144
    159,          6319,            6167,          30782,       965,           0,       5234
    160,          6448,            6295,          31651,       968,           0,       4640
    161,          6595,            6441,          31828,       977,           0,       4070
    162,          6675,            6520,          32994,       989,           0,       5249
    163,          6731,            6575,          32809,       998,           0,       4858
    164,          6762,            6605,          32644,      1000,           0,       4201
    165,          6801,            6643,          33066,      1010,           0,       4684
    166,          6855,            6696,          33846,      1026,           0,       4381
    167,          6883,            6723,          34033,      1033,           0,       5111
    168,          6949,            6788,          35643,      1032,           0,       4300
    169,          7002,            6840,          33866,      1042,           0,       5572
    170,          7096,            6933,          34745,      1045,           0,       4603
    171,          7241,            7077,          34548,      1062,           0,       5457
    172,          7318,            7153,          36474,      1064,           0,       4405
    173,          7374,            7208,          39576,      1066,           0,       4958
    174,          7502,            7335,          37877,      1080,           0,       5358
    175,          7509,            7341,          36650,      1087,           0,       5316
    176,          7513,            7344,          35993,      1090,           0,       5171
    177,          7629,            7459,          36560,      1100,           0,       5355
    178,          7634,            7463,          36563,      1112,           0,       4737
    179,          7638,            7466,          37995,      1116,           0,       4655
    180,          7768,            7595,          38464,      1113,           0,       5264
    181,          7799,            7625,          37278,      1120,           0,       5410
    182,          7879,            7704,          38765,      1123,           0,       4914
    183,          7890,            7714,          39217,      1134,           0,       5033
    184,          7949,            7772,          38959,      1138,           0,       5432
    185,          8038,            7860,          38259,      1142,           0,       6082
    186,          8161,            7982,          39002,      1164,           0,       5130
    187,          8169,            7989,          39946,      1172,           0,       4844
    188,          8333,            8152,          41702,      1184,           0,       4926
    189,          8509,            8327,          42489,      1194,           0,       4973
    190,          8578,            8395,          43260,      1191,           0,       5162
    191,          8731,            8547,          42997,      1196,           0,       5196
    192,          8754,            8569,          43389,      1212,           0,       5004
    193,          8859,            8673,          43732,      1220,           0,       5058
    194,          8949,            8762,          44764,      1232,           0,       5669
    195,          8989,            8801,          42940,      1238,           0,       6191
    196,          9175,            8986,          43706,      1248,           0,       6468
    197,          9178,            8988,          43130,      1257,           0,       6302
    198,          9311,            9120,          44775,      1253,           0,       5831
    199,          9468,            9276,          46640,      1270,           0,       5271
    200,          9517,            9324,          46397,      1283,           0,       5433
    201,          9556,            9362,          44925,      1290,           0,       7601
    202,          9629,            9434,          45933,      1295,           0,       5930
    203,          9816,            9620,          47988,      1308,           0,       5534
    204,          9832,            9635,          48650,      1325,           0,       6556
    205,          9909,            9711,          45933,      1329,           0,       5490
    206,          9929,            9730,          48004,      1323,           0,       6180
    207,         10080,            9880,          48509,      1335,           0,       6428
    208,         10120,            9919,          48932,      1344,           0,       5545
    209,         10294,           10092,          58378,      1352,           0,       6098
    210,         10372,           10169,          57181,      1364,           0,       5793
    211,         10511,           10307,          50799,      1373,           0,       5724
    212,         10571,           10366,          48994,      1376,           0,       5612
    213,         10673,           10467,          52419,      1378,           0,       6505
    214,         10801,           10594,          52454,      1383,           0,       5773
    215,         10863,           10655,          54179,      1391,           0,       5754
    216,         10981,           10772,          52968,      1417,           0,       5968
    217,         11186,           10976,          51393,      1425,           0,       7008
    218,         11313,           11102,          52807,      1432,           0,       6012
    219,         11354,           11142,          56116,      1444,           0,       6038
    220,         11561,           11348,          63265,      1449,           0,       6299
    221,         11659,           11445,          55718,      1454,           0,       5991
    222,         11864,           11649,          57661,      1449,           0,       6016
    223,         11892,           11676,          57361,      1454,           0,       6263
    224,         12077,           11860,          57389,      1469,           0,       6008
    225,         12138,           11920,          60795,      1476,           0,       6417
    226,         12186,           11967,          58967,      1476,           0,       6103
    227,         12222,           12002,          59237,      1488,           0,       6153
    228,         12317,           12096,          59597,      1497,           0,       6448
    229,         12485,           12263,          59427,      1506,           0,       6253
    230,         12543,           12320,          58627,      1511,           0,       7504
    231,         12570,           12346,          59837,      1523,           0,       6217
    232,         12761,           12536,          59746,      1530,           0,       6328
    233,         12792,           12566,          61541,      1536,           0,       6778
    234,         12834,           12607,          61405,      1555,           0,       6631
    235,         12953,           12725,          61017,      1564,           0,       6617
    236,         13021,           12792,          60511,      1572,           0,       7259
    237,         13074,           12844,          61764,      1578,           0,       6684
    238,         13287,           13056,          63391,      1583,           0,       7000
    239,         13367,           13135,          67523,      1590,           0,       6795
    240,         13596,           13363,          66833,      1600,           0,       6494
    241,         13815,           13581,          65049,      1603,           0,       6657
    242,         13908,           13673,          66716,      1608,           0,       6701
    243,         13970,           13734,          66038,      1619,           0,       6645
    244,         14184,           13947,          66073,      1629,           0,       6718
    245,         14345,           14107,          67946,      1634,           0,       6829
    246,         14519,           14280,          70569,      1648,           0,       6797
    247,         14695,           14455,          69684,      1655,           0,       7113
    248,         14757,           14516,          68767,      1665,           0,       7012
    249,         14948,           14706,          69768,      1668,           0,       6972
    250,         15189,           14946,          71546,      1674,           0,       6929
    251,         15244,           15000,          71042,      1685,           0,       6975
    252,         15290,           15045,          71683,      1685,           0,       6896
    253,         15325,           15079,          71887,      1688,           0,       6925
    254,         15402,           15155,          71281,      1706,           0,       7091
    255,         15488,           15240,          72432,      1703,           0,       7073
    256,         15645,           15396,          73285,      1724,           0,       7125
    257,         15821,           15571,          74463,      1733,           0,       7188
    258,         15872,           15621,          73667,      1724,           0,       7274
    259,         16123,           15871,          75442,      1734,           0,       7016
    260,         16283,           16030,          75590,      1760,           0,       7313
    261,         16329,           16075,          79232,      1771,           0,       7642
    262,         16367,           16112,          77162,      1761,           0,       7163
    263,         16594,           16338,          76498,      1773,           0,       7347
    264,         16846,           16589,          78618,      1779,           0,       7495
    265,         17061,           16803,          78758,      1788,           0,       7292
    266,         17322,           17063,          79758,      1797,           0,       7393
    267,         17538,           17278,          80952,      1800,           0,       8395
    268,         17562,           17301,          82028,      1810,           0,       7389
    269,         17717,           17455,          81642,      1818,           0,       7460
    270,         17785,           17522,          82082,      1819,           0,       7416
    271,         17805,           17541,          82273,      1831,           0,       7452
    272,         17990,           17725,          82790,      1850,           0,       7778
    273,         18210,           17944,          84258,      1863,           0,       7758
    274,         18477,           18210,          85150,      1869,           0,      10212
    275,         18638,           18370,          97831,      1881,           0,       7646
    276,         18768,           18499,          89910,      1873,           0,       7957
    277,         19002,           18732,          87289,      1884,           0,       7771
    278,         19214,           18943,          88349,      1896,           0,       7954
    279,         19246,           18974,          88166,      1904,           0,       7759
    280,         19481,           19208,          89130,      1906,           0,       7753
    281,         19658,           19384,          92911,      1917,           0,       7956
    282,         19727,           19452,          91354,      1928,           0,       8014
    283,         19951,           19675,          92219,      1943,           0,       7849
    284,         20209,           19932,          94180,      1948,           0,       8041
    285,         20459,           20181,          95804,      1947,           0,       8043
    286,         20579,           20300,          94822,      1957,           0,       8003
    287,         20617,           20337,          94138,      1961,           0,       8128
    288,         20658,           20377,          94650,      1992,           0,       8218
    289,         20903,           20621,         105765,      2003,           0,       8342
    290,              ,                ,               ,      2004,           0,       8561
    291,              ,                ,               ,      2017,           0,       9917
    292,              ,                ,               ,      2024,           0,       9516
    293,              ,                ,               ,      2028,           0,      10355
    294,              ,                ,               ,      2049,           0,       9973
    295,              ,                ,               ,      2039,           0,      11853
    296,              ,                ,               ,      2058,           0,      11926
    297,              ,                ,               ,      2066,           0,       8720
    298,              ,                ,               ,      2074,           0,      11458
    299,              ,                ,               ,      2083,           0,      11156
    300,              ,                ,               ,      2065,           0,      11922
    301,              ,                ,               ,      2076,           0,       9286
    302,              ,                ,               ,      2104,           0,      10004
    303,              ,                ,               ,      2102,           0,      11562
    304,              ,                ,               ,      2128,           0,      13643
    305,              ,                ,               ,      2136,           0,      12622
    306,              ,                ,               ,      2134,           0,      12346
    307,              ,                ,               ,      2147,           0,      10000
    308,              ,                ,               ,      2150,           0,      10159
    309,              ,                ,               ,      2161,           0,      10518
    310,              ,                ,               ,      2173,           0,      12231
    311,              ,                ,               ,      2171,           0,      12821
    312,              ,                ,               ,      2185,           0,      12734
    313,              ,                ,               ,      2191,           0,       9773
    314,              ,                ,               ,      2209,           0,       9740
    315,              ,                ,               ,      2221,           0,      11485
    316,              ,                ,               ,      2216,           0,      13071
    317,              ,                ,               ,      2224,           0,      12439
    318,              ,                ,               ,      2236,           0,      12675
    319,              ,                ,               ,      2250,           0,      10357
    320,              ,                ,               ,      2258,           0,      10185
    321,              ,                ,               ,      2268,           0,      10767
    322,              ,                ,               ,      2264,           0,      11360
    323,              ,                ,               ,      2266,           0,      12664
    324,              ,                ,               ,      2280,           0,      11595
    325,              ,                ,               ,      2294,           0,      10088
    326,              ,                ,               ,      2308,           0,      12047
    327,              ,                ,               ,      2322,           0,      12204
    328,              ,                ,               ,      2319,           0,      12654
    329,              ,                ,               ,      2321,           0,      12720
    330,              ,                ,               ,      2338,           0,      14153
    331,              ,                ,               ,      2360,           0,      16009
    332,              ,                ,               ,      2376,           0,      13443
    333,              ,                ,               ,      2390,           0,      14616
    334,              ,                ,               ,      2376,           0,      15011
    335,              ,                ,               ,      2394,           0,      13648
    336,              ,                ,               ,      2396,           0,      14433
    337,              ,                ,               ,      2405,           0,      13890
    338,              ,                ,               ,      2407,           0,      10668
    339,              ,                ,               ,      2426,           0,      12012
    340,              ,                ,               ,      2429,           0,      10754
    341,              ,                ,               ,      2440,           0,      32958
    342,              ,                ,               ,      2456,           0,      24514
    343,              ,                ,               ,      2466,           0,      37964
    344,              ,                ,               ,      2469,           0,      17023
    345,              ,                ,               ,      2480,           0,      14627
    346,              ,                ,               ,      2478,           0,      13722
    347,              ,                ,               ,      2486,           0,      13506
    348,              ,                ,               ,      2502,           0,      13566
    349,              ,                ,               ,      2509,           0,      11216
    350,              ,                ,               ,      2508,           0,      11591
    351,              ,                ,               ,      2514,           0,      12431
    352,              ,                ,               ,      2521,           0,      12260
    353,              ,                ,               ,      2526,           0,      13173
    354,              ,                ,               ,      2552,           0,      13104
    355,              ,                ,               ,      2564,           0,      14121
    356,              ,                ,               ,      2571,           0,      13978
    357,              ,                ,               ,      2586,           0,      17101
    358,              ,                ,               ,      2592,           0,      15851
    359,              ,                ,               ,      2592,           0,      14552
    360,              ,                ,               ,      2600,           0,      14315
    361,              ,                ,               ,      2609,           0,      13337
    362,              ,                ,               ,      2604,           0,      14747
    363,              ,                ,               ,      2614,           0,      15692
    364,              ,                ,               ,      2631,           0,      13660
    365,              ,                ,               ,      2639,           0,      11995
    366,              ,                ,               ,      2640,           0,      12870
    367,              ,                ,               ,      2657,           0,      13770
    368,              ,                ,               ,      2661,           0,      13968
    369,              ,                ,               ,      2667,           0,      14037
    370,              ,                ,               ,      2666,           0,      15810
    371,              ,                ,               ,      2684,           0,      13201
    372,              ,                ,               ,      2699,           0,      15075
    373,              ,                ,               ,      2711,           0,      17723
    374,              ,                ,               ,      2721,           0,      13988
    375,              ,                ,               ,      2725,           0,      14696
    376,              ,                ,               ,      2744,           0,      15040
    377,              ,                ,               ,      2753,           0,      15772
    378,              ,                ,               ,      2755,           0,      15074
    379,              ,                ,               ,      2780,           0,      12353
    380,              ,                ,               ,      2770,           0,      13230
    381,              ,                ,               ,      2778,           0,      12138
    382,              ,                ,               ,      2798,           0,      12938
    383,              ,                ,               ,      2797,           0,      13479
    384,              ,                ,               ,      2799,           0,      12932
    385,              ,                ,               ,      2806,           0,      12516
    386,              ,                ,               ,      2829,           0,      13707
    387,              ,                ,               ,      2832,           0,      14860
    388,              ,                ,               ,      2849,           0,      13564
    389,              ,                ,               ,      2867,           0,      14102
    390,              ,                ,               ,      2864,           0,      15681
    391,              ,                ,               ,      2868,           0,      12739
    392,              ,                ,               ,      2896,           0,      13241
    393,              ,                ,               ,      2903,           0,      15472
    394,              ,                ,               ,      2907,           0,      15396
    395,              ,                ,               ,      2915,           0,      15257
    396,              ,                ,               ,      2916,           0,      17652
    397,              ,                ,               ,      2918,           0,      17050
    398,              ,                ,               ,      2934,           0,      14254
    399,              ,                ,               ,      2944,           0,      17420
    400,              ,                ,               ,      2960,           0,      15477
    401,              ,                ,               ,      2967,           0,      13958
    402,              ,                ,               ,      2971,           0,      14034
    403,              ,                ,               ,      2985,           0,      15699
    404,              ,                ,               ,      3002,           0,      15272
    405,              ,                ,               ,      3002,           0,      14786
    406,              ,                ,               ,      3005,           0,      15244
    407,              ,                ,               ,      3006,           0,      14819
    408,              ,                ,               ,      3044,           0,      15256
    409,              ,                ,               ,      3053,           0,      15387
    410,              ,                ,               ,      3061,           0,      15574
    411,              ,                ,               ,      3065,           0,      15736
    412,              ,                ,               ,      3052,           0,      15119
    413,              ,                ,               ,      3060,           0,      15424
    414,              ,                ,               ,      3079,           0,      14842
    415,              ,                ,               ,      3088,           0,      15048
    416,              ,                ,               ,      3092,           0,      15940
    417,              ,                ,               ,      3102,           0,      14014
    418,              ,                ,               ,      3129,           0,      14086
    419,              ,                ,               ,      3127,           0,      15119
    420,              ,                ,               ,      3126,           0,      14784
    421,              ,                ,               ,      3136,           0,      15948
    422,              ,                ,               ,      3154,           0,      15473
    423,              ,                ,               ,      3159,           0,      15747
    424,              ,                ,               ,      3161,           0,      16198
    425,              ,                ,               ,      3175,           0,      16093
    426,              ,                ,               ,      3175,           0,      16552
    427,              ,                ,               ,      3176,           0,      15050
    428,              ,                ,               ,      3188,           0,      15212
    429,              ,                ,               ,      3201,           0,      15825
    430,              ,                ,               ,      3207,           0,      16504
    431,              ,                ,               ,      3223,           0,      15530
    432,              ,                ,               ,      3249,           0,      15992
    433,              ,                ,               ,      3258,           0,      16353
    434,              ,                ,               ,      3263,           0,      15536
    435,              ,                ,               ,      3272,           0,      15837
    436,              ,                ,               ,      3267,           0,      16738
    437,              ,                ,               ,      3289,           0,      15909
    438,              ,                ,               ,      3305,           0,      15754
    439,              ,                ,               ,      3321,           0,      15765
    440,              ,                ,               ,      3319,           0,      16454
    441,              ,                ,               ,      3326,           0,      17009
    442,              ,                ,               ,      3329,           0,      15781
    443,              ,                ,               ,      3342,           0,      17204
    444,              ,                ,               ,      3341,           0,      16393
    445,              ,                ,               ,      3353,           0,      15764
    446,              ,                ,               ,      3354,           0,      15769
    447,              ,                ,               ,      3371,           0,      16781
    448,              ,                ,               ,      3375,           0,      17218
    449,              ,                ,               ,      3383,           0,      17111
    450,              ,                ,               ,      3399,           0,      16860
    451,              ,                ,               ,      3408,           0,      17223
    452,              ,                ,               ,      3405,           0,      16396
    453,              ,                ,               ,      3411,           0,      16630
    454,              ,                ,               ,      3431,           0,      15869
    455,              ,                ,               ,      3437,           0,      19572
    456,              ,                ,               ,      3452,           0,      19253
    457,              ,                ,               ,      3461,           0,      16655
    458,              ,                ,               ,      3466,           0,      20358
    459,              ,                ,               ,      3474,           0,      19602
    460,              ,                ,               ,      3488,           0,      16562
    461,              ,                ,               ,      3501,           0,      16000
    462,              ,                ,               ,      3503,           0,      18910
    463,              ,                ,               ,      3520,           0,      17590
    464,              ,                ,               ,      3514,           0,      16950
    465,              ,                ,               ,      3528,           0,      18882
    466,              ,                ,               ,      3546,           0,      18096
    467,              ,                ,               ,      3545,           0,      16550
    468,              ,                ,               ,      3561,           0,      16742
    469,              ,                ,               ,      3577,           0,      17802
    470,              ,                ,               ,      3583,           0,      18390
    471,              ,                ,               ,      3587,           0,      17559
    472,              ,                ,               ,      3596,           0,      16928
    473,              ,                ,               ,      3607,           0,      17773
    474,              ,                ,               ,      3613,           0,      16858
    475,              ,                ,               ,      3622,           0,      18675
    476,              ,                ,               ,      3629,           0,      16927
    477,              ,                ,               ,      3632,           0,      17524
    478,              ,                ,               ,      3648,           0,      17763
    479,              ,                ,               ,      3663,           0,      25095
    480,              ,                ,               ,      3671,           0,      16391
    481,              ,                ,               ,      3683,           0,      20724
    482,              ,                ,               ,      3688,           0,      18316
    483,              ,                ,               ,      3702,           0,      22719
    484,              ,                ,               ,      3706,           0,      27350
    485,              ,                ,               ,      3717,           0,      17833
    486,              ,                ,               ,      3717,           0,      19878
    487,              ,                ,               ,      3733,           0,      23993
    488,              ,                ,               ,      3740,           0,      17807
    489,              ,                ,               ,      3749,           0,      18911
    490,              ,                ,               ,      3762,           0,      18563
    491,              ,                ,               ,      3765,           0,      17585
    492,              ,                ,               ,      3788,           0,      19508
    493,              ,                ,               ,      3789,           0,      18541
    494,              ,                ,               ,      3793,           0,      18550
    495,              ,                ,               ,      3811,           0,      18507
    496,              ,                ,               ,      3815,           0,      22204
    497,              ,                ,               ,      3826,           0,      18731
    498,              ,                ,               ,      3831,           0,      20202
    499,              ,                ,               ,      3836,           0,      18937
    500,              ,                ,               ,      3846,           0,      20562
    501,              ,                ,               ,      3859,           0,      19917
    502,              ,                ,               ,      3869,           0,      18389
    503,              ,                ,               ,      3876,           0,      19064
    504,              ,                ,               ,      3876,           0,      19123
    505,              ,                ,               ,      3887,           0,      18740
    506,              ,                ,               ,      3898,           0,      18527
    507,              ,                ,               ,      3909,           0,      19311
    508,              ,                ,               ,      3919,           0,      17797
    509,              ,                ,               ,      3932,           0,      20042
    510,              ,                ,               ,      3928,           0,      19860
    511,              ,                ,               ,      3933,           0,      18554
    512,              ,                ,               ,      3954,           0,      18831
    513,              ,                ,               ,      3963,           0,      19940
    514,              ,                ,               ,      3980,           0,      18444
    515,              ,                ,               ,      3981,           0,      18405
    516,              ,                ,               ,      3980,           0,      21013
    517,              ,                ,               ,      3987,           0,      18595
    518,              ,                ,               ,      3996,           0,      21542
    519,              ,                ,               ,      4009,           0,      18749
    520,              ,                ,               ,      4038,           0,      18891
    521,              ,                ,               ,      4046,           0,      18885
    522,              ,                ,               ,      4060,           0,      20534
    523,              ,                ,               ,      4075,           0,      18913
    524,              ,                ,               ,      4060,           0,      19829
    525,              ,                ,               ,      4062,           0,      19141
    526,              ,                ,               ,      4076,           0,      18815
    527,              ,                ,               ,      4099,           0,      19894
    528,              ,                ,               ,      4101,           0,      18541
    529,              ,                ,               ,      4104,           0,      23180
    530,              ,                ,               ,      4119,           0,      20603
    531,              ,                ,               ,      4118,           0,      24615
    532,              ,                ,               ,      4131,           0,      21239
    533,              ,                ,               ,      4136,           0,      21913
    534,              ,                ,               ,      4157,           0,      18437
    535,              ,                ,               ,      4151,           0,      19940
    536,              ,                ,               ,      4168,           0,      19363
    537,              ,                ,               ,      4180,           0,      20501
    538,              ,                ,               ,      4186,           0,      19366
    539,              ,                ,               ,      4201,           0,      23183
    540,              ,                ,               ,      4200,           0,      20395
    541,              ,                ,               ,      4209,           0,      23805
    542,              ,                ,               ,      4225,           0,      20428
    543,              ,                ,               ,      4214,           0,      23949
    544,              ,                ,               ,      4254,           0,      20078
    545,              ,                ,               ,      4264,           0,      22823
    546,              ,                ,               ,      4274,           0,      19952
    547,              ,                ,               ,      4283,           0,      22194
    548,              ,                ,               ,      4303,           0,      20038
    549,              ,                ,               ,      4307,           0,      20287
    550,              ,                ,               ,      4312,           0,      20729
    551,              ,                ,               ,      4329,           0,      20472
    552,              ,                ,               ,      4321,           0,      20988
    553,              ,                ,               ,      4322,           0,      20046
    554,              ,                ,               ,      4336,           0,      21592
    555,              ,                ,               ,      4339,           0,      21328
    556,              ,                ,               ,      4349,           0,      24210
    557,              ,                ,               ,      4360,           0,      22667
    558,              ,                ,               ,      4384,           0,      21198
    559,              ,                ,               ,      4382,           0,      24049
    560,              ,                ,               ,      4379,           0,      19752
    561,              ,                ,               ,      4391,           0,      20972
    562,              ,                ,               ,      4399,           0,      20182
    563,              ,                ,               ,      4425,           0,      21230
    564,              ,                ,               ,      4429,           0,      20755
    565,              ,                ,               ,      4442,           0,      22683
    566,              ,                ,               ,      4456,           0,      21418
    567,              ,                ,               ,      4479,           0,      24891
    568,              ,                ,               ,      4468,           0,      25209
    569,              ,                ,               ,      4476,           0,      21471
    570,              ,                ,               ,      4483,           0,      22193
    571,              ,                ,               ,      4485,           0,      20329
    572,              ,                ,               ,      4508,           0,      21773
    573,              ,                ,               ,      4501,           0,      20550
    574,              ,                ,               ,      4510,           0,      21381
    575,              ,                ,               ,      4521,           0,      21070
    576,              ,                ,               ,      4552,           0,      22690
    577,              ,                ,               ,      4564,           0,      20970
    578,              ,                ,               ,      4588,           0,      21867
    579,              ,                ,               ,      4584,           0,      21027
    580,              ,                ,               ,      4595,           0,      24123
    581,              ,                ,               ,      4603,           0,      21451
    582,              ,                ,               ,      4611,           0,      23229
    583,              ,                ,               ,      4631,           0,      21468
    584,              ,                ,               ,      4631,           0,      22877
    585,              ,                ,               ,      4640,           0,      22071
    586,              ,                ,               ,      4633,           0,      23720
    587,              ,                ,               ,      4655,           0,      21893
    588,              ,                ,               ,      4675,           0,      20754
    589,              ,                ,               ,      4694,           0,      27672
    590,              ,                ,               ,      4681,           0,      24705
    591,              ,                ,               ,      4700,           0,      23066
    592,              ,                ,               ,      4719,           0,      24119
    593,              ,                ,               ,      4727,           0,      21885
    594,              ,                ,               ,      4729,           0,      22023
    595,              ,                ,               ,      4733,           0,      21769
    596,              ,                ,               ,      4742,           0,      21952
    597,              ,                ,               ,      4754,           0,      22453
    598,              ,                ,               ,      4777,           0,      23234
    599,              ,                ,               ,      4784,           0,      21278
    600,              ,                ,               ,      4765,           0,      24091
    601,              ,                ,               ,      4781,           0,      21727
    602,              ,                ,               ,      4781,           0,      24016
    603,              ,                ,               ,      4801,           0,      21723
    604,              ,                ,               ,      4817,           0,      21574
    605,              ,                ,               ,      4822,           0,      24582
    606,              ,                ,               ,      4830,           0,      24327
    607,              ,                ,               ,      4837,           0,      21709
    608,              ,                ,               ,      4864,           0,      25323
    609,              ,                ,               ,      4873,           0,      27690
    610,              ,                ,               ,      4887,           0,      24595
    611,              ,                ,               ,      4894,           0,      23266
    612,              ,                ,               ,      4886,           0,      25505
    613,              ,                ,               ,      4895,           0,      25273
    614,              ,                ,               ,      4914,           0,      26644
    615,              ,                ,               ,      4931,           0,      24964
    616,              ,                ,               ,      4946,           0,      24832
    617,              ,                ,               ,      4950,           0,      25057
    618,              ,                ,               ,      4966,           0,      25169
    619,              ,                ,               ,      4956,           0,      27776
    620,              ,                ,               ,      4970,           0,      22612
    621,              ,                ,               ,      4983,           0,      25043
    622,              ,                ,               ,      4987,           0,      23522
    623,              ,                ,               ,      5004,           0,      22182
    624,              ,                ,               ,      4988,           0,      24776
    625,              ,                ,               ,      5002,           0,      23053
    626,              ,                ,               ,      5027,           0,      23189
    627,              ,                ,               ,      5034,           0,      24672
    628,              ,                ,               ,      5057,           0,      23464
    629,              ,                ,               ,      5066,           0,      22081
    630,              ,                ,               ,      5068,           0,      25402
    631,              ,                ,               ,      5077,           0,      23403
    632,              ,                ,               ,      5086,           0,      23685
    633,              ,                ,               ,      5101,           0,      23397
    634,              ,                ,               ,      5100,           0,      23001
    635,              ,                ,               ,      5116,           0,      23641
    636,              ,                ,               ,      5120,           0,      25009
    637,              ,                ,               ,      5135,           0,      23401
    638,              ,                ,               ,      5143,           0,      22800
    639,              ,                ,               ,      5158,           0,      25811
    640,              ,                ,               ,      5177,           0,      23337
    641,              ,                ,               ,      5185,           0,      26337
    642,              ,                ,               ,      5171,           0,      23457
    643,              ,                ,               ,      5189,           0,      26137
    644,              ,                ,               ,      5199,           0,      23411
    645,              ,                ,               ,      5201,           0,      23064
    646,              ,                ,               ,      5202,           0,      28905
    647,              ,                ,               ,      5225,           0,      25258
    648,              ,                ,               ,      5220,           0,      23240
    649,              ,                ,               ,      5233,           0,      23919
    650,              ,                ,               ,      5247,           0,      26154
    651,              ,                ,               ,      5262,           0,      25749
    652,              ,                ,               ,      5285,           0,      26757
    653,              ,                ,               ,      5295,           0,      29397
    654,              ,                ,               ,      5298,           0,      26954
    655,              ,                ,               ,      5308,           0,      26768
    656,              ,                ,               ,      5304,           0,      27496
    657,              ,                ,               ,      5314,           0,      24781
    658,              ,                ,               ,      5317,           0,      30033
    659,              ,                ,               ,      5321,           0,      26828
    660,              ,                ,               ,      5338,           0,      26036
    661,              ,                ,               ,      5338,           0,      26396
    662,              ,                ,               ,      5367,           0,      27119
    663,              ,                ,               ,      5395,           0,      26166
    664,              ,                ,               ,      5418,           0,      25825
    665,              ,                ,               ,      5427,           0,      24063
    666,              ,                ,               ,      5428,           0,      25815
    667,              ,                ,               ,      5444,           0,      26124
    668,              ,                ,               ,      5435,           0,      24940
    669,              ,                ,               ,      5444,           0,      24260
    670,              ,                ,               ,      5453,           0,      25514
    671,              ,                ,               ,      5465,           0,      26432
    672,              ,                ,               ,      5478,           0,      26540
    673,              ,                ,               ,      5487,           0,      24518
    674,              ,                ,               ,      5490,           0,      30210
    675,              ,                ,               ,      5508,           0,      29724
    676,              ,                ,               ,      5517,           0,      34249
    677,              ,                ,               ,      5526,           0,      25551
    678,              ,                ,               ,      5527,           0,      27352
    679,              ,                ,               ,      5550,           0,      24674
    680,              ,                ,               ,      5538,           0,      25849
    681,              ,                ,               ,      5533,           0,      25537
    682,              ,                ,               ,      5546,           0,      27161
    683,              ,                ,               ,      5567,           0,      46220
    684,              ,                ,               ,      5595,           0,      26247
    685,              ,                ,               ,      5608,           0,      25646
    686,              ,                ,               ,      5617,           0,      25800
    687,              ,                ,               ,      5620,           0,      26201
    688,              ,                ,               ,      5608,           0,      26718
    689,              ,                ,               ,      5625,           0,      26945
    690,              ,                ,               ,      5654,           0,      26996
    691,              ,                ,               ,      5670,           0,      25278
    692,              ,                ,               ,      5663,           0,      24902
    693,              ,                ,               ,      5668,           0,      26911
    694,              ,                ,               ,      5688,           0,      25619
    695,              ,                ,               ,      5690,           0,      27179
    696,              ,                ,               ,      5689,           0,      26292
    697,              ,                ,               ,      5704,           0,      27169
    698,              ,                ,               ,      5720,           0,      26620
    699,              ,                ,               ,      5736,           0,      27698
    700,              ,                ,               ,      5740,           0,      27330
    701,              ,                ,               ,      5746,           0,      27873
    702,              ,                ,               ,      5758,           0,      27328
    703,              ,                ,               ,      5757,           0,      27957
    704,              ,                ,               ,      5752,           0,      27642
    705,              ,                ,               ,      5763,           0,      25813
    706,              ,                ,               ,      5786,           0,      27600
    707,              ,                ,               ,      5795,           0,      25554
    708,              ,                ,               ,      5806,           0,      26919
    709,              ,                ,               ,      5820,           0,      26120
    710,              ,                ,               ,      5847,           0,      27695
    711,              ,                ,               ,      5861,           0,      27857
    712,              ,                ,               ,      5861,           0,      26981
    713,              ,                ,               ,      5868,           0,      26030
    714,              ,                ,               ,      5888,           0,      27820
    715,              ,                ,               ,      5896,           0,      27085
    716,              ,                ,               ,      5889,           0,      26906
    717,              ,                ,               ,      5908,           0,      26426
    718,              ,                ,               ,      5913,           0,      27467
    719,              ,                ,               ,      5919,           0,      27695
    720,              ,                ,               ,      5938,           0,      27844
    721,              ,                ,               ,      5943,           0,      28452
    722,              ,                ,               ,      5938,           0,      27999
    723,              ,                ,               ,      5963,           0,      26138
    724,              ,                ,               ,      5965,           0,      28800
    725,              ,                ,               ,      5967,           0,      26321
    726,              ,                ,               ,      5976,           0,      27091
    727,              ,                ,               ,      5997,           0,      27204
    728,              ,                ,               ,      5995,           0,      27039
    729,              ,                ,               ,      6011,           0,      27134
    730,              ,                ,               ,      6019,           0,      27511
    731,              ,                ,               ,      6034,           0,      28160
    732,              ,                ,               ,      6045,           0,      28378
    733,              ,                ,               ,      6061,           0,      28571
    734,              ,                ,               ,      6056,           0,      28352
    735,              ,                ,               ,      6069,           0,      28277
    736,              ,                ,               ,      6085,           0,      29148
    737,              ,                ,               ,      6091,           0,      27765
    738,              ,                ,               ,      6086,           0,      27260
    739,              ,                ,               ,      6097,           0,      28778
    740,              ,                ,               ,      6108,           0,      30458
    741,              ,                ,               ,      6121,           0,      28214
    742,              ,                ,               ,      6133,           0,      27343
    743,              ,                ,               ,      6135,           0,      27269
    744,              ,                ,               ,      6164,           0,      28054
    745,              ,                ,               ,      6178,           0,      27637
    746,              ,                ,               ,      6179,           0,      28966
    747,              ,                ,               ,      6193,           0,      27375
    748,              ,                ,               ,      6204,           0,      31613
    749,              ,                ,               ,      6208,           0,      29807
    750,              ,                ,               ,      6215,           0,      31171
    751,              ,                ,               ,      6225,           0,      30490
    752,              ,                ,               ,      6233,           0,      28800
    753,              ,                ,               ,      6249,           0,      29188
    754,              ,                ,               ,      6255,           0,      29685
    755,              ,                ,               ,      6263,           0,      29850
    756,              ,                ,               ,      6274,           0,      29487
    757,              ,                ,               ,      6278,           0,      29222
    758,              ,                ,               ,      6300,           0,      29634
    759,              ,                ,               ,      6321,           0,      29223
    760,              ,                ,               ,      6314,           0,      30341
    761,              ,                ,               ,      6318,           0,      29550
    762,              ,                ,               ,      6330,           0,      31083
    763,              ,                ,               ,      6344,           0,      29473
    764,              ,                ,               ,      6347,           0,      27907
    765,              ,                ,               ,      6357,           0,      31856
    766,              ,                ,               ,      6382,           0,      29965
    767,              ,                ,               ,      6382,           0,      29560
    768,              ,                ,               ,      6380,           0,      29667
    769,              ,                ,               ,      6388,           0,      29815
    770,              ,                ,               ,      6404,           0,      29545
    771,              ,                ,               ,      6409,           0,      30010
    772,              ,                ,               ,      6431,           0,      30112
    773,              ,                ,               ,      6447,           0,      36133
